A2,A3,A4,A5,A6,A8,A9,A10,A11,A13,A14,A15,A16
28.46,4.0,1.0,0.0,13.0,5.0,1.0,1.0,3,0.0,290.0,2279,0
22.83,2.29,1.0,0.0,10.0,2.29,1.0,1.0,7,0.0,140.0,2384,0
56.5,16.0,1.0,0.0,7.0,0.0,1.0,1.0,15,0.0,0.0,247,0
23.75,0.71,1.0,0.0,12.0,0.25,0.0,1.0,1,0.0,240.0,4,1
25.17,6.0,1.0,0.0,1.0,1.0,1.0,1.0,3,0.0,0.0,0,0
41.33,1.0,1.0,0.0,6.0,2.25,1.0,0.0,0,0.0,0.0,300,0
37.5,1.75,2.0,2.0,1.0,0.25,1.0,0.0,0,0.0,164.0,400,1
28.25,0.875,1.0,0.0,9.0,0.96,1.0,1.0,3,0.0,396.0,0,0
29.92,1.835,1.0,0.0,1.0,4.335,1.0,0.0,0,0.0,260.0,200,0
16.92,0.5,1.0,0.0,6.0,0.165,0.0,1.0,6,0.0,240.0,35,1
22.25,0.46,1.0,0.0,8.0,0.125,0.0,0.0,0,0.0,280.0,55,1
20.42,0.835,1.0,0.0,10.0,1.585,1.0,1.0,1,0.0,0.0,0,0
34.08,6.5,1.0,0.0,0.0,0.125,1.0,0.0,0,0.0,443.0,0,1
24.75,0.54,1.0,0.0,9.0,1.0,0.0,0.0,0,0.0,120.0,1,1
22.58,10.04,1.0,0.0,13.0,0.04,1.0,1.0,9,0.0,60.0,396,0
19.5,0.29,1.0,0.0,8.0,0.29,0.0,0.0,0,0.0,280.0,364,1
42.83,4.625,1.0,0.0,10.0,4.58,1.0,0.0,0,2.0,0.0,0,0
30.83,0.0,1.0,0.0,12.0,1.25,1.0,1.0,1,0.0,202.0,0,0
20.33,10.0,1.0,0.0,1.0,1.0,1.0,1.0,4,0.0,50.0,1465,0
16.5,0.125,1.0,0.0,1.0,0.165,0.0,0.0,0,0.0,132.0,0,1
26.33,13.0,1.0,0.0,4.0,0.0,0.0,0.0,0,0.0,140.0,1110,1
27.17,1.25,1.0,0.0,5.0,0.0,0.0,1.0,1,0.0,92.0,300,1
29.42,1.25,1.0,0.0,1.0,0.25,0.0,1.0,2,0.0,400.0,108,1
26.75,4.5,2.0,2.0,1.0,2.5,0.0,0.0,0,0.0,200.0,1210,1
24.83,2.75,1.0,0.0,1.0,2.25,1.0,1.0,6,0.0,160.0,600,0
22.92,0.17,1.0,0.0,9.0,0.085,0.0,0.0,0,2.0,0.0,0,1
22.5,0.125,2.0,2.0,8.0,0.125,0.0,0.0,0,0.0,200.0,70,1
30.0,5.29,1.0,0.0,4.0,2.25,1.0,1.0,5,0.0,99.0,500,0
20.5,2.415,1.0,0.0,1.0,2.0,1.0,1.0,11,0.0,200.0,3000,0
34.75,2.5,1.0,0.0,2.0,0.5,0.0,0.0,0,0.0,348.0,0,1
18.92,9.0,1.0,0.0,0.0,0.75,1.0,1.0,2,0.0,88.0,591,0
22.67,1.585,2.0,2.0,12.0,3.085,1.0,1.0,6,0.0,80.0,0,0
33.5,1.75,1.0,0.0,13.0,4.5,1.0,1.0,4,0.0,253.0,857,0
69.17,9.0,1.0,0.0,5.0,4.0,0.0,1.0,1,0.0,70.0,6,1
23.58,0.46,2.0,2.0,12.0,2.625,1.0,1.0,6,0.0,208.0,347,1
23.25,12.625,1.0,0.0,1.0,0.125,0.0,1.0,2,0.0,0.0,5552,1
52.5,7.0,1.0,0.0,0.0,3.0,0.0,0.0,0,0.0,0.0,0,1
32.83,2.5,1.0,0.0,2.0,2.75,1.0,1.0,6,0.0,160.0,2072,0
18.83,0.0,1.0,0.0,10.0,0.665,0.0,0.0,0,0.0,160.0,1,1
33.08,1.625,1.0,0.0,3.0,0.54,0.0,0.0,0,0.0,0.0,0,1
41.17,4.04,1.0,0.0,2.0,7.0,1.0,1.0,8,0.0,320.0,0,0
18.25,10.0,1.0,0.0,12.0,1.0,0.0,1.0,1,0.0,120.0,1,1
19.17,4.0,2.0,2.0,6.0,1.0,0.0,0.0,0,0.0,360.0,1000,1
26.75,2.0,1.0,0.0,3.0,0.75,0.0,0.0,0,0.0,80.0,0,1
16.33,2.75,1.0,0.0,0.0,0.665,0.0,1.0,1,0.0,80.0,21,1
28.58,3.54,1.0,0.0,6.0,0.5,1.0,0.0,0,0.0,171.0,0,1
32.25,14.0,2.0,2.0,5.0,0.0,0.0,1.0,2,0.0,160.0,1,1
51.92,6.5,1.0,0.0,6.0,3.085,0.0,0.0,0,0.0,73.0,0,1
24.58,12.5,1.0,0.0,12.0,0.875,1.0,0.0,0,0.0,260.0,0,1
31.42,15.5,1.0,0.0,1.0,0.5,1.0,0.0,0,0.0,120.0,0,1
24.5,0.5,1.0,0.0,10.0,1.5,1.0,0.0,0,0.0,280.0,824,0
22.08,11.46,1.0,0.0,8.0,1.585,0.0,0.0,0,0.0,100.0,1212,1
50.08,12.54,1.0,0.0,0.0,2.29,1.0,1.0,3,0.0,156.0,0,0
19.33,9.5,1.0,0.0,10.0,1.0,1.0,0.0,0,0.0,60.0,400,0
23.5,9.0,1.0,0.0,10.0,8.5,1.0,1.0,5,0.0,120.0,0,0
40.92,0.5,2.0,2.0,9.0,0.5,0.0,0.0,0,0.0,130.0,0,1
47.75,8.0,1.0,0.0,1.0,7.875,1.0,1.0,6,0.0,0.0,1260,0
23.58,11.5,2.0,2.0,8.0,3.0,0.0,0.0,0,0.0,20.0,16,1
17.67,0.0,2.0,2.0,7.0,0.0,0.0,0.0,0,0.0,86.0,0,1
33.17,1.0,1.0,0.0,13.0,0.75,1.0,1.0,7,0.0,340.0,4071,0
39.92,5.0,1.0,0.0,6.0,0.21,0.0,0.0,0,0.0,550.0,0,1
39.92,0.54,2.0,2.0,0.0,0.5,1.0,1.0,3,0.0,200.0,1000,0
29.58,4.75,1.0,0.0,9.0,2.0,0.0,1.0,1,0.0,460.0,68,1
27.25,0.625,1.0,0.0,0.0,0.455,1.0,0.0,0,0.0,200.0,0,1
17.42,6.5,1.0,0.0,6.0,0.125,0.0,0.0,0,0.0,60.0,100,1
67.75,5.5,1.0,0.0,4.0,13.0,1.0,1.0,1,0.0,0.0,0,0
21.5,9.75,1.0,0.0,1.0,0.25,1.0,0.0,0,0.0,140.0,0,1
31.25,3.75,1.0,0.0,2.0,0.625,1.0,1.0,9,0.0,181.0,0,0
19.0,0.0,2.0,2.0,5.0,0.0,0.0,1.0,4,0.0,45.0,1,1
23.92,1.5,1.0,0.0,3.0,1.875,1.0,1.0,6,0.0,200.0,327,0
28.46,11.25,1.0,0.0,5.0,0.0,0.0,0.0,0,0.0,160.0,5200,1
22.58,10.75,1.0,0.0,10.0,0.415,1.0,1.0,5,0.0,0.0,560,0
36.08,2.54,1.0,0.0,5.0,0.0,0.0,0.0,0,0.0,0.0,1000,1
36.33,3.79,1.0,0.0,12.0,1.165,1.0,0.0,0,0.0,200.0,0,1
33.25,2.5,2.0,2.0,1.0,2.5,0.0,0.0,0,0.0,0.0,2,1
20.08,0.25,1.0,0.0,10.0,0.125,0.0,0.0,0,0.0,200.0,0,1
18.17,10.25,1.0,0.0,1.0,1.085,0.0,0.0,0,0.0,320.0,13,1
22.67,0.75,1.0,0.0,6.0,1.585,0.0,1.0,1,0.0,400.0,9,1
33.58,2.75,1.0,0.0,9.0,4.25,1.0,1.0,6,0.0,204.0,0,0
51.42,0.04,1.0,0.0,13.0,0.04,1.0,0.0,0,0.0,0.0,3000,0
43.0,0.29,2.0,2.0,2.0,1.75,1.0,1.0,8,0.0,100.0,375,0
28.46,0.625,1.0,0.0,8.0,0.25,0.0,0.0,0,0.0,380.0,2010,1
23.25,5.875,1.0,0.0,10.0,3.17,1.0,1.0,10,0.0,120.0,245,0
18.17,10.0,2.0,2.0,10.0,0.165,0.0,0.0,0,0.0,340.0,0,1
27.25,1.585,1.0,0.0,2.0,1.835,1.0,1.0,12,0.0,583.0,713,0
20.67,3.0,1.0,0.0,10.0,0.165,1.0,1.0,3,0.0,100.0,6,0
28.5,3.04,2.0,2.0,13.0,2.54,1.0,1.0,1,0.0,70.0,0,0
57.08,0.335,1.0,0.0,6.0,1.0,1.0,0.0,0,0.0,252.0,2197,1
34.58,0.0,1.0,0.0,12.0,0.0,0.0,0.0,0,1.0,160.0,0,1
41.0,0.04,1.0,0.0,4.0,0.04,0.0,1.0,1,2.0,560.0,0,0
23.17,0.0,1.0,0.0,2.0,0.085,1.0,0.0,0,0.0,0.0,0,0
35.25,3.165,1.0,0.0,13.0,3.75,1.0,0.0,0,0.0,680.0,0,1
24.17,0.875,1.0,0.0,10.0,4.625,1.0,1.0,2,0.0,520.0,2000,0
58.42,21.0,1.0,0.0,6.0,10.0,1.0,1.0,13,0.0,0.0,6700,0
31.83,0.04,2.0,2.0,9.0,0.04,0.0,0.0,0,0.0,0.0,0,1
44.33,0.0,1.0,0.0,1.0,2.5,1.0,0.0,0,0.0,0.0,0,0
31.67,16.165,1.0,0.0,3.0,3.0,1.0,1.0,9,0.0,250.0,730,0
46.0,4.0,1.0,0.0,7.0,0.0,1.0,0.0,0,0.0,100.0,960,0
34.92,2.5,1.0,0.0,12.0,0.0,1.0,0.0,0,0.0,239.0,200,0
24.75,3.0,1.0,0.0,10.0,1.835,1.0,1.0,19,0.0,0.0,500,0
22.42,5.665,1.0,0.0,10.0,2.585,1.0,1.0,7,0.0,129.0,3257,0
40.33,8.125,2.0,2.0,8.0,0.165,0.0,1.0,2,0.0,160.0,18,1
31.08,1.5,2.0,2.0,12.0,0.04,0.0,0.0,0,2.0,160.0,0,1
36.67,4.415,2.0,2.0,8.0,0.25,1.0,1.0,10,0.0,320.0,0,0
44.83,7.0,2.0,2.0,1.0,1.625,0.0,0.0,0,0.0,160.0,2,1
35.17,2.5,1.0,0.0,8.0,4.5,1.0,1.0,7,0.0,150.0,1270,0
25.75,0.5,1.0,0.0,1.0,0.875,1.0,0.0,0,0.0,491.0,0,0
36.5,4.25,1.0,0.0,10.0,3.5,0.0,0.0,0,0.0,454.0,50,1
42.0,9.79,1.0,0.0,13.0,7.96,1.0,1.0,8,0.0,0.0,0,0
36.17,5.5,1.0,0.0,6.0,5.0,0.0,0.0,0,0.0,210.0,687,1
20.67,1.25,2.0,2.0,1.0,1.375,1.0,1.0,3,0.0,140.0,210,1
28.17,0.585,1.0,0.0,0.0,0.04,0.0,0.0,0,0.0,260.0,1004,1
48.08,3.75,1.0,0.0,6.0,1.0,0.0,0.0,0,0.0,100.0,2,1
28.17,0.375,1.0,0.0,10.0,0.585,1.0,1.0,4,0.0,80.0,0,0
19.58,0.585,1.0,0.0,5.0,0.0,0.0,1.0,3,0.0,350.0,769,1
35.0,3.375,1.0,0.0,1.0,8.29,0.0,0.0,0,0.0,0.0,0,1
34.5,4.04,2.0,2.0,6.0,8.5,1.0,1.0,7,0.0,195.0,0,0
24.92,1.25,1.0,0.0,5.0,0.0,1.0,0.0,0,0.0,80.0,0,1
57.42,8.5,1.0,0.0,4.0,7.0,1.0,1.0,3,0.0,0.0,0,0
23.42,1.0,1.0,0.0,1.0,0.5,0.0,0.0,0,2.0,280.0,0,1
43.17,5.0,1.0,0.0,6.0,2.25,0.0,0.0,0,0.0,141.0,0,1
21.08,4.125,2.0,2.0,6.0,0.04,0.0,0.0,0,0.0,140.0,100,1
28.46,5.0,2.0,2.0,0.0,8.5,1.0,0.0,0,0.0,0.0,0,1
32.33,3.5,1.0,0.0,8.0,0.5,0.0,0.0,0,0.0,232.0,0,1
27.67,0.75,1.0,0.0,10.0,0.165,0.0,0.0,0,0.0,220.0,251,1
35.75,0.915,1.0,0.0,0.0,0.75,1.0,1.0,4,0.0,0.0,1583,0
25.0,12.0,1.0,0.0,8.0,2.25,1.0,1.0,2,0.0,120.0,5,1
17.25,3.0,1.0,0.0,8.0,0.04,0.0,0.0,0,0.0,160.0,40,1
34.25,1.75,1.0,0.0,12.0,0.25,1.0,0.0,0,0.0,163.0,0,1
25.08,2.54,2.0,2.0,0.0,0.25,1.0,0.0,0,0.0,370.0,0,0
49.0,1.5,1.0,0.0,7.0,0.0,1.0,0.0,0,0.0,100.0,27,1
32.75,2.335,1.0,0.0,3.0,5.75,0.0,0.0,0,0.0,292.0,0,1
28.46,0.5,1.0,0.0,1.0,0.835,1.0,0.0,0,2.0,320.0,0,1
34.08,0.08,2.0,2.0,9.0,0.04,1.0,1.0,1,0.0,280.0,2000,0
22.5,8.5,1.0,0.0,10.0,1.75,1.0,1.0,10,0.0,80.0,990,1
25.58,0.335,1.0,0.0,8.0,3.5,0.0,0.0,0,0.0,340.0,0,1
34.83,4.0,1.0,0.0,3.0,12.5,1.0,0.0,0,0.0,160.0,0,1
46.08,3.0,1.0,0.0,1.0,2.375,1.0,1.0,8,0.0,396.0,4159,0
24.08,9.0,1.0,0.0,0.0,0.25,0.0,0.0,0,0.0,0.0,0,1
31.83,2.5,1.0,0.0,0.0,7.5,1.0,0.0,0,0.0,523.0,0,1
19.5,0.165,1.0,0.0,10.0,0.04,0.0,0.0,0,0.0,380.0,0,1
22.92,1.25,1.0,0.0,10.0,0.25,0.0,0.0,0,0.0,120.0,809,1
45.0,4.585,1.0,0.0,8.0,1.0,0.0,0.0,0,2.0,240.0,0,1
25.17,3.5,1.0,0.0,2.0,0.625,1.0,1.0,7,0.0,0.0,7059,0
21.17,0.0,1.0,0.0,1.0,0.5,0.0,0.0,0,2.0,0.0,0,1
48.5,4.25,1.0,0.0,9.0,0.125,1.0,0.0,0,0.0,225.0,0,0
22.67,10.5,1.0,0.0,10.0,1.335,1.0,0.0,0,0.0,100.0,0,0
29.58,4.5,1.0,0.0,12.0,7.5,1.0,1.0,2,0.0,330.0,0,0
26.83,0.54,1.0,0.0,8.0,0.0,0.0,0.0,0,0.0,100.0,0,1
19.42,7.25,1.0,0.0,9.0,0.04,0.0,1.0,1,0.0,100.0,1,1
23.42,0.585,1.0,0.0,1.0,0.085,1.0,0.0,0,0.0,180.0,0,1
27.83,1.5,1.0,0.0,12.0,2.0,1.0,1.0,11,0.0,434.0,35,0
20.25,9.96,1.0,0.0,4.0,0.0,1.0,0.0,0,0.0,0.0,0,0
23.58,0.83,1.0,0.0,10.0,0.415,0.0,1.0,1,0.0,200.0,11,1
17.92,10.21,1.0,0.0,5.0,0.0,0.0,0.0,0,0.0,0.0,50,1
44.17,6.665,1.0,0.0,10.0,7.375,1.0,1.0,3,0.0,0.0,0,0
43.17,2.25,1.0,0.0,6.0,0.75,1.0,0.0,0,0.0,560.0,0,1
57.08,19.5,1.0,0.0,1.0,5.5,1.0,1.0,7,0.0,0.0,3000,0
41.5,1.54,1.0,0.0,6.0,3.5,0.0,0.0,0,0.0,216.0,0,0
23.58,0.835,1.0,0.0,6.0,0.085,0.0,0.0,0,0.0,220.0,5,1
21.0,3.0,2.0,2.0,3.0,1.085,1.0,1.0,8,0.0,160.0,1,0
27.25,1.665,1.0,0.0,2.0,5.085,1.0,1.0,9,0.0,399.0,827,0
21.83,11.0,1.0,0.0,13.0,0.29,1.0,1.0,6,0.0,121.0,0,0
56.75,12.25,1.0,0.0,9.0,1.25,1.0,1.0,4,0.0,200.0,0,0
20.67,1.835,1.0,0.0,10.0,2.085,1.0,1.0,5,0.0,220.0,2503,0
25.0,12.5,1.0,0.0,0.0,3.0,1.0,0.0,0,2.0,20.0,0,0
22.67,0.335,1.0,0.0,10.0,0.75,0.0,0.0,0,2.0,160.0,0,1
69.5,6.0,1.0,0.0,5.0,0.0,0.0,0.0,0,2.0,0.0,0,1
22.5,11.5,2.0,2.0,9.0,1.5,0.0,0.0,0,0.0,0.0,4000,1
37.58,0.0,1.0,0.0,10.0,0.0,0.0,0.0,0,1.0,160.0,0,0
32.33,2.5,1.0,0.0,1.0,1.25,0.0,0.0,0,0.0,280.0,0,1
38.67,0.21,1.0,0.0,8.0,0.085,1.0,0.0,0,0.0,280.0,0,0
32.67,5.5,1.0,0.0,10.0,5.5,1.0,1.0,12,0.0,408.0,1000,0
50.25,0.835,1.0,0.0,0.0,0.5,0.0,0.0,0,0.0,240.0,117,1
19.17,9.5,1.0,0.0,12.0,1.5,1.0,0.0,0,0.0,120.0,2206,0
17.83,11.0,1.0,0.0,13.0,1.0,1.0,1.0,11,0.0,0.0,3000,0
17.08,0.25,1.0,0.0,10.0,0.335,0.0,1.0,4,0.0,160.0,8,1
20.17,5.625,1.0,0.0,12.0,1.71,1.0,0.0,0,2.0,120.0,0,0
22.25,9.0,1.0,0.0,0.0,0.085,0.0,0.0,0,0.0,0.0,0,1
41.58,1.04,1.0,0.0,0.0,0.665,0.0,0.0,0,0.0,240.0,237,1
24.5,2.415,2.0,2.0,1.0,0.0,0.0,0.0,0,0.0,120.0,0,1
27.25,0.29,1.0,0.0,9.0,0.125,0.0,1.0,1,0.0,272.0,108,1
30.5,6.5,1.0,0.0,1.0,4.0,1.0,1.0,7,0.0,0.0,3065,0
51.33,10.0,1.0,0.0,6.0,0.0,1.0,1.0,11,0.0,0.0,1249,0
27.33,1.665,1.0,0.0,5.0,0.0,0.0,0.0,0,0.0,340.0,1,1
27.0,1.5,2.0,2.0,12.0,0.375,1.0,0.0,0,0.0,260.0,1065,0
25.67,2.21,2.0,2.0,0.0,4.0,1.0,0.0,0,0.0,188.0,0,1
37.33,2.5,1.0,0.0,6.0,0.21,0.0,0.0,0,0.0,260.0,246,1
23.5,2.75,1.0,0.0,5.0,4.5,0.0,0.0,0,0.0,160.0,25,1
21.92,0.5,1.0,0.0,1.0,0.125,0.0,0.0,0,0.0,360.0,0,1
27.83,4.0,2.0,2.0,6.0,5.75,1.0,1.0,2,0.0,75.0,0,1
28.08,15.0,2.0,2.0,4.0,0.0,1.0,0.0,0,0.0,0.0,13212,0
17.08,0.085,2.0,2.0,1.0,0.04,0.0,0.0,0,0.0,140.0,722,1
19.5,9.585,1.0,0.0,0.0,0.79,0.0,0.0,0,0.0,80.0,350,1
39.08,6.0,1.0,0.0,9.0,1.29,1.0,1.0,5,0.0,108.0,1097,0
20.5,11.835,1.0,0.0,1.0,6.0,1.0,0.0,0,0.0,340.0,0,0
25.0,11.0,2.0,2.0,0.0,4.5,1.0,0.0,0,0.0,120.0,0,1
22.67,0.79,1.0,0.0,6.0,0.085,0.0,0.0,0,0.0,144.0,0,1
17.58,9.0,1.0,0.0,0.0,1.375,1.0,0.0,0,0.0,0.0,0,0
28.67,14.5,1.0,0.0,3.0,0.125,0.0,0.0,0,0.0,0.0,286,1
16.08,0.75,1.0,0.0,1.0,1.75,1.0,1.0,5,0.0,352.0,690,0
47.67,2.5,1.0,0.0,9.0,2.5,1.0,1.0,12,0.0,410.0,2510,0
37.75,7.0,1.0,0.0,10.0,11.5,1.0,1.0,7,0.0,300.0,5,1
19.67,0.21,1.0,0.0,10.0,0.29,1.0,1.0,11,0.0,80.0,99,0
52.42,1.5,1.0,0.0,3.0,3.75,0.0,0.0,0,0.0,0.0,350,1
16.33,0.21,1.0,0.0,0.0,0.125,0.0,0.0,0,0.0,200.0,1,1
28.46,4.0,2.0,2.0,6.0,0.085,0.0,0.0,0,0.0,411.0,0,1
39.17,1.625,1.0,0.0,1.0,1.5,1.0,1.0,10,0.0,186.0,4700,0
23.0,0.625,2.0,2.0,0.0,0.125,1.0,0.0,0,0.0,180.0,1,1
32.33,7.5,1.0,0.0,4.0,1.585,1.0,0.0,0,2.0,420.0,0,1
23.5,3.165,2.0,2.0,8.0,0.415,0.0,1.0,1,0.0,280.0,80,1
29.83,1.25,2.0,2.0,8.0,0.25,0.0,0.0,0,0.0,224.0,0,1
22.5,8.46,2.0,2.0,13.0,2.46,0.0,0.0,0,0.0,164.0,0,0
32.0,1.75,2.0,2.0,4.0,0.04,1.0,0.0,0,0.0,393.0,0,0
38.42,0.705,1.0,0.0,1.0,0.375,0.0,1.0,2,0.0,225.0,500,1
26.75,1.125,1.0,0.0,13.0,1.25,1.0,0.0,0,0.0,0.0,5298,0
34.0,5.5,2.0,2.0,1.0,1.5,0.0,0.0,0,0.0,60.0,0,1
30.25,5.5,1.0,0.0,8.0,5.5,0.0,0.0,0,2.0,100.0,0,1
26.58,2.54,2.0,2.0,5.0,0.0,0.0,0.0,0,0.0,180.0,60,1
37.33,2.665,1.0,0.0,2.0,0.165,0.0,0.0,0,0.0,0.0,501,1
18.25,0.165,1.0,0.0,3.0,0.25,0.0,0.0,0,2.0,280.0,0,1
24.75,13.665,1.0,0.0,10.0,1.5,0.0,0.0,0,0.0,280.0,1,1
55.92,11.5,1.0,0.0,5.0,5.0,1.0,1.0,5,0.0,0.0,8851,0
28.92,15.0,1.0,0.0,1.0,5.335,1.0,1.0,11,0.0,0.0,2283,0
71.58,0.0,1.0,0.0,10.0,0.0,0.0,0.0,0,1.0,160.0,0,0
20.42,10.5,2.0,2.0,13.0,0.0,0.0,0.0,0,0.0,154.0,32,1
59.67,1.54,1.0,0.0,10.0,0.125,1.0,0.0,0,0.0,260.0,0,0
28.25,5.125,1.0,0.0,13.0,4.75,1.0,1.0,2,0.0,420.0,7,0
38.25,10.125,2.0,2.0,8.0,0.125,0.0,0.0,0,0.0,160.0,0,1
49.83,13.585,1.0,0.0,8.0,8.5,1.0,0.0,0,0.0,0.0,0,0
41.17,6.5,1.0,0.0,10.0,0.5,1.0,1.0,3,0.0,145.0,0,0
32.42,3.0,1.0,0.0,3.0,0.165,0.0,0.0,0,0.0,120.0,0,1
29.75,0.665,1.0,0.0,12.0,0.25,0.0,0.0,0,0.0,300.0,0,1
30.33,0.5,1.0,0.0,3.0,0.085,0.0,0.0,0,2.0,252.0,0,1
33.17,3.04,2.0,2.0,1.0,2.04,1.0,1.0,1,0.0,180.0,18027,0
38.17,10.125,1.0,0.0,13.0,2.5,1.0,1.0,6,0.0,520.0,196,0
28.46,10.5,1.0,0.0,13.0,6.5,1.0,0.0,0,0.0,0.0,0,0
15.83,0.585,1.0,0.0,1.0,1.5,1.0,1.0,2,0.0,100.0,0,0
34.17,2.75,1.0,0.0,6.0,2.5,0.0,0.0,0,0.0,232.0,200,1
29.25,14.79,1.0,0.0,0.0,5.04,1.0,1.0,5,0.0,168.0,0,0
32.92,2.5,1.0,0.0,0.0,1.75,0.0,1.0,2,0.0,720.0,0,1
30.67,2.5,1.0,0.0,2.0,2.25,0.0,0.0,0,2.0,340.0,0,1
23.33,11.625,2.0,2.0,12.0,0.835,1.0,0.0,0,0.0,160.0,300,0
42.25,1.75,2.0,2.0,8.0,0.0,0.0,0.0,0,0.0,150.0,1,1
39.08,4.0,1.0,0.0,1.0,3.0,0.0,0.0,0,0.0,480.0,0,1
24.33,2.5,2.0,2.0,6.0,4.5,0.0,0.0,0,0.0,200.0,456,1
21.25,2.335,1.0,0.0,6.0,0.5,1.0,1.0,4,2.0,80.0,0,0
18.33,1.21,2.0,2.0,4.0,0.0,0.0,0.0,0,0.0,100.0,0,1
39.92,6.21,1.0,0.0,10.0,0.04,1.0,1.0,1,0.0,200.0,300,0
28.75,1.5,2.0,2.0,1.0,1.5,1.0,0.0,0,0.0,0.0,225,1
24.5,13.335,2.0,2.0,0.0,0.04,0.0,0.0,0,0.0,120.0,475,1
20.83,3.0,1.0,0.0,0.0,0.04,1.0,0.0,0,0.0,100.0,0,0
34.25,3.0,1.0,0.0,2.0,7.415,1.0,0.0,0,0.0,0.0,0,0
37.33,6.5,1.0,0.0,9.0,4.25,1.0,1.0,12,0.0,93.0,0,0
25.42,0.54,1.0,0.0,12.0,0.165,0.0,1.0,1,0.0,272.0,444,1
20.83,0.5,2.0,2.0,4.0,1.0,0.0,0.0,0,0.0,260.0,0,1
46.67,0.46,1.0,0.0,2.0,0.415,1.0,1.0,11,0.0,440.0,6,0
18.58,5.71,1.0,0.0,3.0,0.54,0.0,0.0,0,0.0,120.0,0,1
22.75,6.165,1.0,0.0,0.0,0.165,0.0,0.0,0,0.0,220.0,1000,1
45.83,10.5,1.0,0.0,10.0,5.0,1.0,1.0,7,0.0,0.0,0,0
29.5,0.58,1.0,0.0,12.0,0.29,0.0,1.0,1,0.0,340.0,2803,1
27.75,0.585,2.0,2.0,2.0,0.25,1.0,1.0,2,0.0,260.0,500,0
44.0,2.0,1.0,0.0,9.0,1.75,1.0,1.0,2,0.0,0.0,15,0
42.0,0.205,1.0,0.0,6.0,5.125,1.0,0.0,0,0.0,400.0,0,0
27.67,13.75,1.0,0.0,12.0,5.75,1.0,0.0,0,0.0,487.0,500,0
26.17,0.835,1.0,0.0,2.0,1.165,0.0,0.0,0,0.0,100.0,0,1
21.42,0.75,2.0,2.0,11.0,0.75,0.0,0.0,0,0.0,132.0,2,1
53.33,0.165,1.0,0.0,5.0,0.0,0.0,0.0,0,2.0,62.0,27,1
32.0,6.0,1.0,0.0,3.0,1.25,0.0,0.0,0,0.0,272.0,0,1
62.5,12.75,2.0,2.0,1.0,5.0,1.0,0.0,0,0.0,112.0,0,1
23.0,0.75,1.0,0.0,9.0,0.5,0.0,0.0,0,2.0,320.0,0,1
17.5,22.0,0.0,1.0,5.0,0.0,0.0,0.0,0,1.0,450.0,100000,0
18.08,6.75,2.0,2.0,9.0,0.04,0.0,0.0,0,0.0,140.0,0,1
28.92,0.375,1.0,0.0,1.0,0.29,0.0,0.0,0,0.0,220.0,140,1
31.08,3.085,1.0,0.0,1.0,2.5,0.0,1.0,2,0.0,160.0,41,1
27.83,1.54,1.0,0.0,12.0,3.75,1.0,1.0,5,0.0,100.0,3,0
36.67,3.25,1.0,0.0,10.0,9.0,1.0,0.0,0,0.0,102.0,639,0
25.17,3.0,1.0,0.0,1.0,1.25,0.0,1.0,1,0.0,0.0,22,1
16.25,0.0,2.0,2.0,0.0,0.25,0.0,0.0,0,0.0,60.0,0,1
21.33,10.5,1.0,0.0,1.0,3.0,1.0,0.0,0,0.0,0.0,0,0
24.58,13.5,2.0,2.0,5.0,0.0,0.0,0.0,0,0.0,160.0,0,1
27.58,3.0,1.0,0.0,9.0,2.79,0.0,1.0,1,0.0,280.0,10,1
25.33,0.58,1.0,0.0,1.0,0.29,1.0,1.0,7,0.0,96.0,5124,0
16.08,0.335,1.0,0.0,5.0,0.0,0.0,1.0,1,0.0,160.0,126,1
23.5,1.5,1.0,0.0,12.0,0.875,0.0,0.0,0,0.0,160.0,0,1
34.17,9.17,1.0,0.0,1.0,4.5,1.0,1.0,12,0.0,0.0,221,0
18.83,3.54,2.0,2.0,5.0,0.0,0.0,0.0,0,0.0,180.0,1,1
18.83,4.415,2.0,2.0,1.0,3.0,1.0,0.0,0,0.0,240.0,0,0
35.17,4.5,1.0,0.0,13.0,5.75,0.0,0.0,0,2.0,711.0,0,0
24.5,12.75,1.0,0.0,1.0,4.75,1.0,1.0,2,0.0,73.0,444,0
51.58,15.0,1.0,0.0,1.0,8.5,1.0,1.0,9,0.0,0.0,0,0
20.17,8.17,1.0,0.0,0.0,1.96,1.0,1.0,14,0.0,60.0,158,0
41.17,1.25,2.0,2.0,12.0,0.25,0.0,0.0,0,0.0,0.0,195,1
19.42,6.5,1.0,0.0,12.0,1.46,1.0,1.0,7,0.0,80.0,2954,0
18.42,10.415,2.0,2.0,0.0,0.125,1.0,0.0,0,0.0,120.0,375,1
56.83,4.25,2.0,2.0,5.0,5.0,0.0,0.0,0,0.0,0.0,4,1
17.92,0.205,1.0,0.0,0.0,0.04,0.0,0.0,0,0.0,280.0,750,1
60.92,5.0,1.0,0.0,0.0,4.0,1.0,1.0,4,0.0,0.0,99,0
47.0,13.0,1.0,0.0,6.0,5.165,1.0,1.0,9,0.0,0.0,0,0
19.17,5.415,1.0,0.0,6.0,0.29,0.0,0.0,0,0.0,80.0,484,1
18.58,10.0,1.0,0.0,3.0,0.415,0.0,0.0,0,0.0,80.0,42,1
22.67,7.0,1.0,0.0,1.0,0.165,0.0,0.0,0,0.0,160.0,0,1
21.17,0.875,2.0,2.0,1.0,0.25,0.0,0.0,0,0.0,280.0,204,1
22.5,0.415,1.0,0.0,6.0,0.335,0.0,0.0,0,2.0,144.0,0,1
36.17,18.125,1.0,0.0,12.0,0.085,0.0,0.0,0,0.0,320.0,3552,1
25.33,2.085,1.0,0.0,1.0,2.75,1.0,0.0,0,0.0,360.0,1,1
38.33,4.415,1.0,0.0,1.0,0.125,0.0,0.0,0,0.0,160.0,0,1
38.58,3.335,1.0,0.0,12.0,4.0,1.0,1.0,14,0.0,383.0,1344,0
25.42,1.125,1.0,0.0,10.0,1.29,1.0,1.0,2,0.0,200.0,0,1
48.08,6.04,1.0,0.0,8.0,0.04,0.0,0.0,0,0.0,0.0,2690,0
22.5,11.0,2.0,2.0,10.0,3.0,1.0,0.0,0,0.0,268.0,0,1
48.58,0.205,2.0,2.0,8.0,0.25,1.0,1.0,11,0.0,380.0,2732,0
36.67,2.0,1.0,0.0,6.0,0.25,0.0,0.0,0,0.0,221.0,0,1
25.25,12.5,1.0,0.0,3.0,1.0,0.0,0.0,0,0.0,180.0,1062,1
16.0,0.165,1.0,0.0,0.0,1.0,0.0,1.0,2,0.0,320.0,1,1
29.83,2.04,2.0,2.0,13.0,0.04,0.0,0.0,0,0.0,128.0,1,1
40.83,10.0,1.0,0.0,10.0,1.75,1.0,0.0,0,0.0,29.0,837,0
38.75,1.5,1.0,0.0,5.0,0.0,0.0,0.0,0,0.0,76.0,0,1
19.67,10.0,2.0,2.0,8.0,0.835,1.0,0.0,0,0.0,140.0,0,1
45.33,1.0,1.0,0.0,10.0,0.125,0.0,0.0,0,0.0,263.0,0,1
30.08,1.04,2.0,2.0,6.0,0.5,1.0,1.0,10,0.0,132.0,28,1
49.5,7.585,1.0,0.0,6.0,7.585,1.0,1.0,15,0.0,0.0,5000,0
21.25,1.5,1.0,0.0,12.0,1.5,0.0,0.0,0,0.0,150.0,8,0
52.5,6.5,1.0,0.0,8.0,6.29,1.0,1.0,15,0.0,0.0,11202,0
33.67,1.25,1.0,0.0,12.0,1.165,0.0,0.0,0,0.0,120.0,0,1
20.75,9.54,1.0,0.0,6.0,0.04,0.0,0.0,0,0.0,200.0,1000,1
23.75,0.415,2.0,2.0,1.0,0.04,0.0,1.0,2,0.0,128.0,6,1
21.08,10.085,2.0,2.0,4.0,1.25,0.0,0.0,0,0.0,260.0,0,1
36.75,0.125,2.0,2.0,1.0,1.5,0.0,0.0,0,0.0,232.0,113,0
58.67,4.46,1.0,0.0,10.0,3.04,1.0,1.0,6,0.0,43.0,560,0
30.75,1.585,1.0,0.0,3.0,0.585,0.0,0.0,0,2.0,0.0,0,1
19.33,10.915,1.0,0.0,1.0,0.585,0.0,1.0,2,0.0,200.0,7,1
21.17,0.25,2.0,2.0,1.0,0.25,0.0,0.0,0,0.0,280.0,204,1
34.08,2.5,1.0,0.0,1.0,1.0,0.0,0.0,0,0.0,460.0,16,1
39.42,1.71,2.0,2.0,9.0,0.165,0.0,0.0,0,2.0,400.0,0,1
20.17,9.25,1.0,0.0,1.0,1.665,1.0,1.0,3,0.0,40.0,28,0
28.46,1.5,1.0,0.0,5.0,0.0,0.0,1.0,2,0.0,200.0,105,1
21.67,1.165,2.0,2.0,8.0,2.5,1.0,1.0,1,0.0,180.0,20,1
40.33,7.54,2.0,2.0,10.0,8.0,1.0,1.0,14,0.0,0.0,2300,0
60.58,16.5,1.0,0.0,10.0,11.0,1.0,0.0,0,0.0,21.0,10561,0
27.67,2.04,1.0,0.0,12.0,0.25,0.0,0.0,0,0.0,180.0,50,1
26.67,4.25,1.0,0.0,2.0,4.29,1.0,1.0,1,0.0,120.0,0,0
26.92,13.5,1.0,0.0,10.0,5.0,1.0,1.0,2,0.0,0.0,5000,0
22.83,3.0,1.0,0.0,9.0,1.29,1.0,1.0,1,0.0,260.0,800,0
32.08,4.0,2.0,2.0,2.0,1.5,0.0,0.0,0,0.0,120.0,0,1
30.17,6.5,1.0,0.0,2.0,3.125,1.0,1.0,8,0.0,330.0,1200,0
21.75,11.75,1.0,0.0,1.0,0.25,0.0,0.0,0,0.0,180.0,0,1
36.42,0.75,2.0,2.0,3.0,0.585,0.0,0.0,0,0.0,240.0,3,1
32.75,1.5,1.0,0.0,2.0,5.5,1.0,1.0,3,0.0,0.0,0,0
20.0,7.0,1.0,0.0,1.0,0.5,0.0,0.0,0,0.0,0.0,0,1
26.08,8.665,1.0,0.0,0.0,1.415,1.0,0.0,0,0.0,160.0,150,0
43.08,0.375,2.0,2.0,1.0,0.375,1.0,1.0,8,0.0,300.0,162,0
26.67,1.75,2.0,2.0,1.0,1.0,1.0,1.0,5,0.0,160.0,5777,0
58.33,10.0,1.0,0.0,10.0,4.0,1.0,1.0,14,0.0,0.0,1602,0
22.0,7.835,2.0,2.0,6.0,0.165,0.0,0.0,0,0.0,160.0,0,1
39.58,5.0,1.0,0.0,5.0,0.0,0.0,1.0,2,0.0,17.0,1,1
23.0,11.75,1.0,0.0,13.0,0.5,1.0,1.0,2,0.0,300.0,551,0
47.25,0.75,1.0,0.0,10.0,2.75,1.0,1.0,1,0.0,333.0,892,0
30.42,1.375,1.0,0.0,12.0,0.04,0.0,1.0,3,0.0,0.0,33,1
18.83,9.5,1.0,0.0,12.0,1.625,1.0,1.0,6,0.0,40.0,600,0
20.42,1.085,1.0,0.0,10.0,1.5,0.0,0.0,0,0.0,108.0,7,1
22.08,0.83,1.0,0.0,1.0,2.165,0.0,0.0,0,0.0,128.0,0,0
22.58,1.5,2.0,2.0,0.0,0.54,0.0,0.0,0,0.0,120.0,67,1
26.0,1.0,1.0,0.0,10.0,1.75,1.0,0.0,0,0.0,280.0,0,0
21.83,1.54,1.0,0.0,8.0,0.085,0.0,0.0,0,0.0,356.0,0,1
33.67,2.165,1.0,0.0,1.0,1.5,0.0,0.0,0,1.0,120.0,0,1
28.42,3.5,1.0,0.0,12.0,0.835,1.0,0.0,0,2.0,280.0,0,0
36.33,2.125,2.0,2.0,12.0,0.085,1.0,1.0,1,0.0,50.0,1187,0
25.25,13.5,2.0,2.0,5.0,2.0,0.0,1.0,1,0.0,200.0,1,1
18.92,9.25,2.0,2.0,1.0,1.0,1.0,1.0,4,0.0,80.0,500,0
30.17,1.085,2.0,2.0,1.0,0.04,0.0,0.0,0,0.0,170.0,179,1
20.42,0.0,2.0,2.0,6.0,0.0,0.0,0.0,0,1.0,160.0,0,1
16.25,0.835,1.0,0.0,9.0,0.085,1.0,0.0,0,2.0,200.0,0,1
39.5,4.25,1.0,0.0,1.0,6.5,1.0,1.0,16,0.0,117.0,1210,0
34.67,1.08,1.0,0.0,9.0,1.165,0.0,0.0,0,2.0,28.0,0,1
36.25,5.0,1.0,0.0,1.0,2.5,1.0,1.0,6,0.0,0.0,367,0
22.92,3.165,2.0,2.0,1.0,0.165,0.0,0.0,0,0.0,160.0,1058,1
37.5,1.125,2.0,2.0,3.0,1.5,0.0,0.0,0,0.0,431.0,0,0
32.17,1.46,1.0,0.0,12.0,1.085,1.0,1.0,16,0.0,120.0,2079,0
25.0,12.33,1.0,0.0,2.0,3.5,1.0,1.0,6,0.0,400.0,458,0
22.75,11.5,1.0,0.0,6.0,0.415,0.0,0.0,0,0.0,0.0,0,1
29.25,13.0,1.0,0.0,3.0,0.5,0.0,0.0,0,0.0,228.0,0,1
68.67,15.0,1.0,0.0,4.0,0.0,1.0,1.0,14,0.0,0.0,3376,0
27.0,0.75,1.0,0.0,1.0,4.25,1.0,1.0,3,0.0,312.0,150,0
19.17,0.585,2.0,2.0,0.0,0.585,1.0,0.0,0,0.0,160.0,0,1
31.75,3.0,2.0,2.0,7.0,0.0,0.0,0.0,0,0.0,160.0,20,1
33.17,3.165,2.0,2.0,13.0,3.165,1.0,1.0,3,0.0,380.0,0,0
24.08,0.875,1.0,0.0,9.0,0.085,0.0,1.0,4,0.0,254.0,1950,1
17.92,0.54,1.0,0.0,1.0,1.75,0.0,1.0,1,0.0,80.0,5,1
59.5,2.75,1.0,0.0,12.0,1.75,1.0,1.0,5,0.0,60.0,58,0
29.67,0.75,2.0,2.0,1.0,0.04,0.0,0.0,0,0.0,240.0,0,1
33.75,0.75,1.0,0.0,8.0,1.0,1.0,1.0,3,0.0,212.0,0,1
23.25,4.0,1.0,0.0,1.0,0.25,1.0,0.0,0,0.0,160.0,0,0
26.92,2.25,1.0,0.0,6.0,0.5,0.0,0.0,0,0.0,640.0,4000,1
22.08,11.0,1.0,0.0,2.0,0.665,1.0,0.0,0,0.0,100.0,0,0
20.83,8.5,1.0,0.0,1.0,0.165,0.0,0.0,0,0.0,0.0,351,1
21.92,11.665,1.0,0.0,8.0,0.085,0.0,0.0,0,0.0,320.0,5,1
27.42,14.5,1.0,0.0,13.0,3.085,1.0,1.0,1,0.0,120.0,11,0
23.17,11.125,1.0,0.0,13.0,0.46,1.0,1.0,1,0.0,100.0,0,0
17.67,4.46,1.0,0.0,1.0,0.25,0.0,0.0,0,2.0,80.0,0,1
20.08,0.125,1.0,0.0,10.0,1.0,0.0,1.0,1,0.0,240.0,768,0
20.67,0.835,2.0,2.0,1.0,2.0,0.0,0.0,0,2.0,240.0,0,1
22.17,0.585,2.0,2.0,5.0,0.0,0.0,0.0,0,0.0,100.0,0,1
34.42,1.335,1.0,0.0,6.0,0.125,0.0,0.0,0,0.0,440.0,4500,1
20.67,5.29,1.0,0.0,10.0,0.375,1.0,1.0,1,0.0,160.0,0,1
25.67,3.25,1.0,0.0,1.0,2.29,0.0,1.0,1,0.0,416.0,21,1
27.58,2.04,2.0,2.0,0.0,2.0,1.0,1.0,3,0.0,370.0,560,0
23.0,0.75,1.0,0.0,9.0,0.5,1.0,0.0,0,2.0,320.0,0,1
58.58,2.71,1.0,0.0,1.0,2.415,0.0,0.0,0,0.0,320.0,0,1
21.58,0.79,2.0,2.0,2.0,0.665,0.0,0.0,0,0.0,160.0,0,1
32.08,4.0,1.0,0.0,9.0,2.5,1.0,0.0,0,0.0,360.0,0,0
22.92,11.585,1.0,0.0,2.0,0.04,1.0,0.0,0,0.0,80.0,1349,0
28.0,3.0,1.0,0.0,12.0,0.75,0.0,0.0,0,0.0,300.0,67,1
31.25,2.835,1.0,0.0,5.0,0.0,0.0,1.0,5,0.0,176.0,146,1
20.75,10.335,1.0,0.0,2.0,0.335,1.0,1.0,1,0.0,80.0,50,0
29.5,0.46,1.0,0.0,8.0,0.54,1.0,1.0,4,0.0,380.0,500,0
16.92,0.335,2.0,2.0,8.0,0.29,0.0,0.0,0,2.0,200.0,0,1
27.42,12.5,1.0,0.0,0.0,0.25,0.0,0.0,0,0.0,720.0,0,1
48.17,1.335,1.0,0.0,6.0,0.335,0.0,0.0,0,0.0,0.0,120,1
40.58,3.29,1.0,0.0,9.0,3.5,0.0,0.0,0,2.0,400.0,0,1
25.83,12.835,1.0,0.0,2.0,0.5,0.0,0.0,0,0.0,0.0,2,1
39.25,9.5,1.0,0.0,9.0,6.5,1.0,1.0,14,0.0,240.0,4607,0
47.33,6.5,1.0,0.0,1.0,1.0,0.0,0.0,0,0.0,0.0,228,1
19.42,1.5,2.0,2.0,2.0,2.0,1.0,0.0,0,0.0,100.0,20,1
29.58,1.75,2.0,2.0,8.0,1.25,0.0,0.0,0,0.0,280.0,0,1
26.17,12.5,2.0,2.0,8.0,1.25,0.0,0.0,0,0.0,0.0,17,1
31.33,19.5,1.0,0.0,1.0,7.0,1.0,1.0,16,0.0,0.0,5000,0
17.33,9.5,1.0,0.0,0.0,1.75,0.0,1.0,10,0.0,0.0,10,1
38.92,1.75,1.0,0.0,8.0,0.5,0.0,0.0,0,0.0,300.0,2,1
26.67,2.71,2.0,2.0,2.0,5.25,1.0,1.0,1,0.0,211.0,0,0
24.08,0.5,1.0,0.0,10.0,1.25,1.0,1.0,1,0.0,0.0,678,0
37.5,0.835,1.0,0.0,4.0,0.04,0.0,0.0,0,0.0,120.0,5,1
18.0,0.165,1.0,0.0,10.0,0.21,0.0,0.0,0,0.0,200.0,40,0
28.25,5.04,2.0,2.0,1.0,1.5,1.0,1.0,8,0.0,144.0,7,0
23.0,1.835,1.0,0.0,7.0,0.0,0.0,1.0,1,0.0,200.0,53,1
25.0,0.875,1.0,0.0,13.0,1.04,1.0,0.0,0,0.0,160.0,5860,0
18.83,0.415,2.0,2.0,1.0,0.165,0.0,1.0,1,0.0,200.0,1,1
28.0,2.0,1.0,0.0,8.0,4.165,1.0,1.0,2,0.0,181.0,0,0
26.17,0.25,1.0,0.0,6.0,0.0,1.0,0.0,0,0.0,0.0,0,0
18.58,10.29,1.0,0.0,5.0,0.415,0.0,0.0,0,0.0,80.0,0,1
20.0,11.045,1.0,0.0,1.0,2.0,0.0,0.0,0,0.0,136.0,0,1
52.83,15.0,1.0,0.0,1.0,5.5,1.0,1.0,14,0.0,0.0,2200,0
44.25,0.5,1.0,0.0,9.0,10.75,1.0,0.0,0,2.0,400.0,0,1
47.83,4.165,1.0,0.0,13.0,0.085,0.0,0.0,0,0.0,520.0,0,1
18.08,5.5,1.0,0.0,8.0,0.5,1.0,0.0,0,0.0,80.0,0,0
29.5,2.0,2.0,2.0,4.0,2.0,0.0,0.0,0,0.0,256.0,17,1
52.33,1.375,2.0,2.0,1.0,9.46,1.0,0.0,0,0.0,200.0,100,1
18.83,9.54,1.0,0.0,0.0,0.085,1.0,0.0,0,0.0,100.0,0,0
36.17,0.42,2.0,2.0,12.0,0.29,0.0,0.0,0,0.0,309.0,2,1
27.67,2.0,1.0,0.0,13.0,1.0,1.0,1.0,4,0.0,140.0,7544,0
31.92,4.46,1.0,0.0,2.0,6.04,1.0,1.0,3,0.0,311.0,300,0
25.75,0.5,1.0,0.0,1.0,1.46,1.0,1.0,5,0.0,312.0,0,0
23.08,11.5,1.0,0.0,6.0,3.5,1.0,1.0,9,0.0,56.0,742,0
19.75,0.75,1.0,0.0,1.0,0.795,1.0,1.0,5,0.0,140.0,5,1
33.75,2.75,1.0,0.0,6.0,0.0,0.0,0.0,0,0.0,180.0,0,1
30.17,0.5,1.0,0.0,1.0,1.75,1.0,1.0,11,0.0,32.0,540,0
19.17,8.585,1.0,0.0,2.0,0.75,1.0,1.0,7,0.0,96.0,0,0
23.08,11.5,1.0,0.0,12.0,2.125,1.0,1.0,11,0.0,290.0,284,0
21.0,4.79,2.0,2.0,12.0,2.25,1.0,1.0,1,0.0,80.0,300,0
44.25,11.0,2.0,2.0,3.0,1.5,1.0,0.0,0,2.0,0.0,0,1
19.67,0.375,1.0,0.0,10.0,2.0,1.0,1.0,2,0.0,80.0,0,0
21.75,1.75,2.0,2.0,7.0,0.0,0.0,0.0,0,0.0,160.0,0,1
22.08,2.335,1.0,0.0,8.0,0.75,0.0,0.0,0,0.0,180.0,0,1
18.42,9.25,1.0,0.0,10.0,1.21,1.0,1.0,4,0.0,60.0,540,0
17.58,10.0,1.0,0.0,12.0,0.165,0.0,1.0,1,0.0,120.0,1,1
26.17,2.0,1.0,0.0,7.0,0.0,0.0,0.0,0,0.0,276.0,1,1
34.0,5.085,2.0,2.0,6.0,1.085,0.0,0.0,0,0.0,480.0,0,1
49.17,2.29,1.0,0.0,5.0,0.29,0.0,0.0,0,0.0,200.0,3,1
29.42,1.25,1.0,0.0,12.0,1.75,0.0,0.0,0,0.0,200.0,0,1
30.58,2.71,2.0,2.0,9.0,0.125,0.0,0.0,0,2.0,80.0,0,1
32.25,0.165,2.0,2.0,1.0,3.25,1.0,1.0,1,0.0,432.0,8000,0
23.33,1.5,1.0,0.0,1.0,1.415,1.0,0.0,0,0.0,422.0,200,0
39.58,13.915,1.0,0.0,12.0,8.625,1.0,1.0,6,0.0,70.0,0,0
20.5,10.0,2.0,2.0,1.0,2.5,1.0,0.0,0,2.0,40.0,0,0
22.42,11.25,2.0,2.0,13.0,0.75,1.0,1.0,4,0.0,0.0,321,0
22.17,12.125,1.0,0.0,1.0,3.335,0.0,1.0,2,0.0,180.0,173,1
41.17,1.335,1.0,0.0,3.0,0.165,0.0,0.0,0,0.0,168.0,0,1
20.0,0.0,1.0,0.0,3.0,0.5,0.0,0.0,0,0.0,144.0,0,1
25.67,0.29,2.0,2.0,1.0,1.5,0.0,0.0,0,0.0,160.0,0,1
38.92,1.665,1.0,0.0,0.0,0.25,0.0,0.0,0,0.0,0.0,390,1
32.33,0.54,1.0,0.0,2.0,0.04,1.0,0.0,0,0.0,440.0,11177,0
22.33,11.0,1.0,0.0,12.0,2.0,1.0,1.0,1,0.0,80.0,278,0
39.83,0.5,1.0,0.0,9.0,0.25,1.0,0.0,0,2.0,288.0,0,1
24.33,6.625,2.0,2.0,3.0,5.5,1.0,0.0,0,2.0,100.0,0,0
28.33,5.0,1.0,0.0,12.0,11.0,1.0,0.0,0,0.0,70.0,0,0
24.58,0.67,1.0,0.0,0.0,1.75,1.0,0.0,0,0.0,400.0,0,1
41.58,1.75,1.0,0.0,8.0,0.21,1.0,0.0,0,0.0,160.0,0,1
20.42,1.835,1.0,0.0,1.0,2.25,1.0,1.0,1,0.0,100.0,150,0
33.25,3.0,2.0,2.0,0.0,2.0,0.0,0.0,0,0.0,180.0,0,1
54.33,6.75,1.0,0.0,1.0,2.625,1.0,1.0,11,0.0,0.0,284,0
39.5,1.625,1.0,0.0,1.0,1.5,0.0,0.0,0,0.0,0.0,316,1
40.58,1.5,1.0,0.0,6.0,0.0,0.0,0.0,0,2.0,300.0,0,1
27.83,1.0,2.0,2.0,3.0,3.0,0.0,0.0,0,0.0,176.0,537,1
28.46,3.5,1.0,0.0,3.0,3.0,1.0,0.0,0,0.0,300.0,0,1
42.83,1.25,1.0,0.0,9.0,13.875,0.0,1.0,1,0.0,352.0,112,1
49.58,19.0,1.0,0.0,5.0,0.0,1.0,1.0,1,0.0,94.0,0,1
40.0,6.5,1.0,0.0,0.0,3.5,1.0,1.0,1,0.0,0.0,500,0
33.17,2.25,2.0,2.0,2.0,3.5,0.0,0.0,0,0.0,200.0,141,1
32.42,2.165,2.0,2.0,8.0,0.0,0.0,0.0,0,0.0,120.0,0,1
24.58,1.25,1.0,0.0,1.0,0.25,0.0,0.0,0,0.0,110.0,0,1
31.67,0.83,1.0,0.0,13.0,1.335,1.0,1.0,8,0.0,303.0,3290,0
37.42,2.04,1.0,0.0,12.0,0.04,1.0,0.0,0,0.0,400.0,5800,0
35.25,16.5,2.0,2.0,1.0,4.0,1.0,0.0,0,0.0,80.0,0,1
42.5,4.915,2.0,2.0,12.0,3.165,1.0,0.0,0,0.0,52.0,1442,0
31.92,3.125,1.0,0.0,5.0,3.04,0.0,1.0,2,0.0,200.0,4,1
23.08,2.5,1.0,0.0,5.0,0.085,0.0,0.0,0,0.0,100.0,4208,1
41.75,0.96,1.0,0.0,13.0,2.5,1.0,0.0,0,0.0,510.0,600,0
15.17,7.0,1.0,0.0,4.0,1.0,0.0,0.0,0,0.0,600.0,0,1
28.46,0.04,2.0,2.0,3.0,4.25,0.0,0.0,0,0.0,460.0,0,1
35.17,3.75,1.0,0.0,5.0,0.0,0.0,1.0,6,0.0,0.0,200,1
33.67,0.375,1.0,0.0,2.0,0.375,0.0,0.0,0,0.0,300.0,44,0
26.25,1.54,1.0,0.0,12.0,0.125,0.0,0.0,0,0.0,100.0,0,1
65.17,14.0,1.0,0.0,5.0,0.0,1.0,1.0,11,0.0,0.0,1400,0
20.42,7.0,1.0,0.0,1.0,1.625,1.0,1.0,3,0.0,200.0,1391,0
33.58,0.335,2.0,2.0,2.0,0.085,0.0,0.0,0,0.0,180.0,0,1
25.5,0.375,1.0,0.0,9.0,0.25,1.0,1.0,3,0.0,260.0,15108,0
20.08,1.25,1.0,0.0,1.0,0.0,0.0,0.0,0,0.0,0.0,0,1
24.83,4.5,1.0,0.0,12.0,1.0,0.0,0.0,0,0.0,360.0,6,1
35.0,2.5,1.0,0.0,6.0,1.0,0.0,0.0,0,0.0,210.0,0,1
28.46,3.0,2.0,2.0,6.0,7.0,0.0,0.0,0,0.0,0.0,1,1
48.75,8.5,1.0,0.0,1.0,12.5,1.0,1.0,9,0.0,181.0,1655,0
55.75,7.08,1.0,0.0,8.0,6.75,1.0,1.0,3,0.0,100.0,50,1
21.08,5.0,2.0,2.0,5.0,0.0,0.0,0.0,0,0.0,0.0,0,1
24.5,1.04,2.0,2.0,5.0,0.5,1.0,1.0,3,0.0,180.0,147,1
13.75,4.0,2.0,2.0,12.0,1.75,1.0,1.0,2,0.0,120.0,1000,0
25.08,1.71,1.0,0.0,13.0,1.665,1.0,1.0,1,0.0,395.0,20,0
48.17,3.5,1.0,0.0,0.0,3.5,1.0,0.0,0,2.0,230.0,0,0
22.67,0.165,1.0,0.0,1.0,2.25,0.0,0.0,0,2.0,0.0,0,0
16.0,3.125,1.0,0.0,12.0,0.085,0.0,1.0,1,0.0,0.0,6,1
34.0,4.5,1.0,0.0,0.0,1.0,1.0,0.0,0,0.0,240.0,0,1
33.08,4.625,1.0,0.0,10.0,1.625,1.0,1.0,2,0.0,0.0,0,0
34.83,1.25,2.0,2.0,6.0,0.5,0.0,0.0,0,0.0,160.0,0,1
34.92,5.0,1.0,0.0,13.0,7.5,1.0,1.0,6,0.0,0.0,1000,0
23.08,2.5,1.0,0.0,1.0,1.085,1.0,1.0,11,0.0,60.0,2184,0
25.58,0.0,1.0,0.0,1.0,0.0,0.0,0.0,0,1.0,160.0,0,0
23.75,12.0,1.0,0.0,1.0,2.085,0.0,0.0,0,2.0,80.0,0,1
27.67,1.5,1.0,0.0,9.0,2.0,1.0,0.0,0,2.0,368.0,0,1
23.25,1.0,1.0,0.0,1.0,0.835,1.0,0.0,0,2.0,300.0,0,0
29.83,3.5,1.0,0.0,1.0,0.165,0.0,0.0,0,0.0,216.0,0,1
38.25,6.0,1.0,0.0,8.0,1.0,1.0,0.0,0,0.0,0.0,0,0
33.58,0.25,1.0,0.0,6.0,4.0,0.0,0.0,0,2.0,420.0,0,1
31.58,0.75,2.0,2.0,0.0,3.5,0.0,0.0,0,0.0,320.0,0,1
51.83,2.04,2.0,2.0,5.0,1.5,0.0,0.0,0,0.0,120.0,1,1
34.17,5.25,1.0,0.0,12.0,0.085,0.0,0.0,0,0.0,290.0,6,0
15.75,0.375,1.0,0.0,1.0,1.0,0.0,0.0,0,0.0,120.0,18,1
34.75,15.0,1.0,0.0,11.0,5.375,1.0,1.0,9,0.0,0.0,134,0
64.08,0.165,1.0,0.0,5.0,0.0,1.0,1.0,1,0.0,232.0,100,0
45.17,1.5,1.0,0.0,1.0,2.5,1.0,0.0,0,0.0,140.0,0,1
37.75,5.5,1.0,0.0,10.0,0.125,1.0,0.0,0,0.0,228.0,0,0
43.25,3.0,1.0,0.0,10.0,6.0,1.0,1.0,11,0.0,80.0,0,0
24.75,12.5,1.0,0.0,0.0,1.5,1.0,1.0,12,0.0,120.0,567,0
20.75,5.085,2.0,2.0,7.0,0.29,0.0,0.0,0,0.0,140.0,184,1
28.5,1.0,1.0,0.0,10.0,1.0,1.0,1.0,2,0.0,167.0,500,1
28.67,9.335,1.0,0.0,10.0,5.665,1.0,1.0,6,0.0,381.0,168,0
28.67,1.04,1.0,0.0,1.0,2.5,1.0,1.0,5,0.0,300.0,1430,0
27.58,3.25,2.0,2.0,10.0,5.085,0.0,1.0,2,0.0,369.0,1,1
34.83,2.5,2.0,2.0,12.0,3.0,0.0,0.0,0,2.0,200.0,0,1
21.33,7.5,1.0,0.0,0.0,1.415,1.0,1.0,1,0.0,80.0,9800,0
21.83,0.25,1.0,0.0,3.0,0.665,1.0,0.0,0,0.0,0.0,0,0
23.58,0.585,2.0,2.0,5.0,0.125,0.0,0.0,0,0.0,120.0,87,1
20.0,1.25,2.0,2.0,8.0,0.125,0.0,0.0,0,0.0,140.0,4,1
42.08,1.04,1.0,0.0,12.0,5.0,1.0,1.0,6,0.0,500.0,10000,0
23.92,0.585,2.0,2.0,2.0,0.125,0.0,0.0,0,0.0,240.0,1,1
33.92,1.585,2.0,2.0,5.0,0.0,1.0,0.0,0,0.0,320.0,0,1
39.17,1.71,1.0,0.0,13.0,0.125,1.0,1.0,5,0.0,480.0,0,0
28.58,3.75,1.0,0.0,1.0,0.25,0.0,1.0,1,0.0,40.0,154,1
36.0,1.0,1.0,0.0,1.0,2.0,1.0,1.0,11,0.0,0.0,456,0
36.75,4.71,1.0,0.0,5.0,0.0,0.0,0.0,0,0.0,160.0,0,1
36.58,0.29,1.0,0.0,5.0,0.0,0.0,1.0,10,0.0,200.0,18,1
31.0,2.085,1.0,0.0,1.0,0.085,0.0,0.0,0,0.0,300.0,0,1
15.92,2.875,1.0,0.0,10.0,0.085,0.0,0.0,0,0.0,120.0,0,1
42.75,4.085,1.0,0.0,0.0,0.04,0.0,0.0,0,0.0,108.0,100,1
23.25,1.5,1.0,0.0,10.0,2.375,1.0,1.0,3,0.0,0.0,582,0
16.5,1.25,1.0,0.0,10.0,0.25,0.0,1.0,1,0.0,108.0,98,1
37.17,4.0,1.0,0.0,1.0,5.0,1.0,0.0,0,2.0,280.0,0,1
24.42,12.335,1.0,0.0,10.0,1.585,1.0,0.0,0,0.0,120.0,0,0
36.75,5.125,1.0,0.0,4.0,5.0,1.0,0.0,0,0.0,0.0,4000,0
44.33,0.5,1.0,0.0,6.0,5.0,1.0,0.0,0,0.0,320.0,0,0
40.92,0.835,1.0,0.0,5.0,0.0,1.0,0.0,0,0.0,130.0,1,1
50.75,0.585,1.0,0.0,5.0,0.0,0.0,0.0,0,0.0,145.0,0,1
33.0,2.5,2.0,2.0,12.0,7.0,0.0,0.0,0,0.0,280.0,0,1
47.17,5.835,1.0,0.0,12.0,5.5,0.0,0.0,0,0.0,465.0,150,1
40.58,5.0,1.0,0.0,1.0,5.0,1.0,1.0,7,0.0,0.0,3065,0
23.58,1.79,1.0,0.0,1.0,0.54,0.0,0.0,0,0.0,136.0,1,1
19.58,0.665,1.0,0.0,12.0,1.665,0.0,0.0,0,0.0,220.0,5,1
22.25,1.25,2.0,2.0,5.0,3.25,0.0,0.0,0,0.0,280.0,0,1
18.67,5.0,1.0,0.0,10.0,0.375,1.0,1.0,2,0.0,0.0,38,1
24.42,2.0,1.0,0.0,4.0,0.165,0.0,1.0,2,0.0,320.0,1300,1
35.58,0.75,1.0,0.0,8.0,1.5,0.0,0.0,0,0.0,231.0,0,1
32.25,1.5,1.0,0.0,1.0,0.25,0.0,0.0,0,0.0,372.0,122,1
25.17,2.875,1.0,0.0,13.0,0.875,1.0,0.0,0,0.0,360.0,0,0
26.5,2.71,2.0,2.0,6.0,0.085,0.0,0.0,0,2.0,80.0,0,1
28.58,1.665,1.0,0.0,10.0,2.415,1.0,0.0,0,0.0,440.0,0,1
22.67,2.54,2.0,2.0,1.0,2.585,1.0,0.0,0,0.0,0.0,0,0
20.67,0.415,1.0,0.0,1.0,0.125,0.0,0.0,0,0.0,0.0,44,1
31.25,1.125,1.0,0.0,5.0,0.0,0.0,1.0,1,0.0,96.0,19,1
41.92,0.42,1.0,0.0,1.0,0.21,1.0,1.0,6,0.0,220.0,948,0
41.42,5.0,1.0,0.0,10.0,5.0,1.0,1.0,6,0.0,470.0,0,0
57.58,2.0,1.0,0.0,5.0,6.5,0.0,1.0,1,0.0,0.0,10,1
17.08,3.29,1.0,0.0,6.0,0.335,0.0,0.0,0,0.0,140.0,2,1
18.08,0.375,0.0,1.0,2.0,10.0,0.0,0.0,0,2.0,300.0,0,0
19.0,1.75,2.0,2.0,1.0,2.335,0.0,0.0,0,0.0,112.0,6,1
39.0,5.0,1.0,0.0,2.0,3.5,1.0,1.0,10,0.0,0.0,0,0
18.17,2.46,1.0,0.0,1.0,0.96,0.0,1.0,2,0.0,160.0,587,1
42.75,3.0,1.0,0.0,6.0,1.0,1.0,0.0,0,0.0,0.0,200,1
16.17,0.04,1.0,0.0,1.0,0.04,0.0,0.0,0,0.0,0.0,0,0
24.5,1.75,2.0,2.0,1.0,0.165,0.0,0.0,0,0.0,132.0,0,1
28.75,1.165,1.0,0.0,8.0,0.5,1.0,0.0,0,2.0,280.0,0,1
20.42,7.5,1.0,0.0,8.0,1.5,1.0,1.0,1,0.0,160.0,234,0
51.83,3.0,2.0,2.0,5.0,1.5,0.0,0.0,0,0.0,180.0,4,1
30.58,10.665,1.0,0.0,10.0,0.085,0.0,1.0,12,0.0,129.0,3,1
21.5,11.5,1.0,0.0,6.0,0.5,1.0,0.0,0,0.0,100.0,68,1
42.17,5.04,1.0,0.0,10.0,12.75,1.0,0.0,0,0.0,92.0,0,0
29.67,1.415,1.0,0.0,12.0,0.75,1.0,1.0,1,0.0,240.0,100,0
28.75,3.75,1.0,0.0,1.0,1.085,1.0,1.0,1,0.0,371.0,0,0
62.75,7.0,1.0,0.0,4.0,0.0,0.0,0.0,0,0.0,0.0,12,1
23.92,0.665,1.0,0.0,1.0,0.165,0.0,0.0,0,0.0,100.0,0,0
22.75,11.0,1.0,0.0,10.0,2.5,1.0,1.0,7,0.0,100.0,809,0
26.67,14.585,1.0,0.0,6.0,0.0,0.0,0.0,0,0.0,178.0,0,1
22.17,2.25,1.0,0.0,6.0,0.125,0.0,0.0,0,0.0,160.0,10,1
27.75,1.29,1.0,0.0,8.0,0.25,0.0,0.0,0,2.0,140.0,0,1
47.42,3.0,1.0,0.0,13.0,13.875,1.0,1.0,2,0.0,519.0,1704,0
30.67,12.0,1.0,0.0,1.0,2.0,1.0,1.0,1,0.0,220.0,19,0
29.17,3.5,1.0,0.0,12.0,3.5,1.0,1.0,3,0.0,329.0,0,1
20.75,10.25,1.0,0.0,10.0,0.71,1.0,1.0,2,0.0,49.0,0,0
40.92,2.25,2.0,2.0,13.0,10.0,1.0,0.0,0,0.0,176.0,0,1
22.0,0.79,1.0,0.0,12.0,0.29,0.0,1.0,1,0.0,420.0,283,1
25.75,0.75,1.0,0.0,1.0,0.25,1.0,0.0,0,0.0,349.0,23,0
53.92,9.625,1.0,0.0,4.0,8.665,1.0,1.0,5,0.0,0.0,0,0
33.17,1.04,1.0,0.0,11.0,6.5,1.0,0.0,0,0.0,164.0,31285,0
15.83,7.625,1.0,0.0,10.0,0.125,0.0,1.0,1,0.0,0.0,160,1
25.92,0.875,1.0,0.0,8.0,0.375,0.0,1.0,2,0.0,174.0,3,1
63.33,0.54,1.0,0.0,1.0,0.585,1.0,1.0,3,0.0,180.0,0,1
25.25,1.0,1.0,0.0,0.0,0.5,0.0,0.0,0,0.0,200.0,0,1
27.83,1.5,1.0,0.0,12.0,2.25,0.0,1.0,1,0.0,100.0,3,1
28.17,0.125,2.0,2.0,8.0,0.085,0.0,0.0,0,0.0,216.0,2100,1
56.0,12.5,1.0,0.0,8.0,8.0,1.0,0.0,0,0.0,24.0,2028,0
39.33,5.875,1.0,0.0,2.0,10.0,1.0,1.0,14,0.0,399.0,0,0
23.17,0.0,1.0,0.0,1.0,0.0,0.0,0.0,0,1.0,160.0,0,0
25.0,11.25,1.0,0.0,1.0,2.5,1.0,1.0,17,0.0,200.0,1208,0
52.17,0.0,2.0,2.0,5.0,0.0,0.0,0.0,0,0.0,0.0,0,1
21.5,6.0,1.0,0.0,0.0,2.5,1.0,1.0,3,0.0,80.0,918,0
16.33,4.085,1.0,0.0,6.0,0.415,0.0,0.0,0,0.0,120.0,0,1
22.67,0.75,1.0,0.0,1.0,2.0,0.0,1.0,2,0.0,200.0,394,1
19.17,0.0,2.0,2.0,9.0,0.0,0.0,0.0,0,2.0,500.0,1,0
18.5,2.0,1.0,0.0,6.0,1.5,1.0,1.0,2,0.0,120.0,300,0
28.58,3.625,1.0,0.0,0.0,0.25,0.0,0.0,0,0.0,100.0,0,1
23.08,0.0,1.0,0.0,8.0,1.0,0.0,1.0,11,2.0,0.0,0,1
35.75,2.415,1.0,0.0,12.0,0.125,0.0,1.0,2,0.0,220.0,1,1
23.42,0.79,2.0,2.0,10.0,1.5,1.0,1.0,2,0.0,80.0,400,0
54.42,0.5,2.0,2.0,8.0,3.96,1.0,0.0,0,0.0,180.0,314,0
48.58,6.5,1.0,0.0,10.0,6.0,1.0,0.0,0,0.0,350.0,0,0
29.5,1.085,2.0,2.0,13.0,1.0,0.0,0.0,0,0.0,280.0,13,1
39.17,2.5,2.0,2.0,6.0,10.0,0.0,0.0,0,2.0,200.0,0,1
32.67,9.0,2.0,2.0,12.0,5.25,1.0,0.0,0,0.0,154.0,0,0
21.67,11.5,2.0,2.0,7.0,0.0,1.0,1.0,11,0.0,0.0,0,0
34.42,4.25,1.0,0.0,6.0,3.25,1.0,1.0,2,0.0,274.0,610,0
